<?xml version="1.0" encoding="UTF-8"?>

<beans xmlns="http://www.springframework.org/schema/beans"
	xmlns:p="http://www.springframework.org/schema/p" xmlns:xsi="http://www.w3.org/2001/XMLSchema-instance"
	xmlns:jdbc="http://www.springframework.org/schema/jdbc" 
	xmlns:jee="http://www.springframework.org/schema/jee"
	xmlns:tx="http://www.springframework.org/schema/tx"
	xmlns:jpa="http://www.springframework.org/schema/data/jpa"
	xsi:schemaLocation="http://www.springframework.org/schema/jdbc http://www.springframework.org/schema/jdbc/spring-jdbc-3.1.xsd	
    http://www.springframework.org/schema/jee http://www.springframework.org/schema/jee/spring-jee.xsd
    http://www.springframework.org/schema/data/jpa http://www.springframework.org/schema/data/jpa/spring-jpa-1.1.xsd
    http://www.springframework.org/schema/tx http://www.springframework.org/schema/tx/spring-tx-3.1.xsd
	http://www.springframework.org/schema/beans http://www.springframework.org/schema/beans/spring-beans-3.1.xsd">

	<!-- Root Context: defines shared resources visible to all other web components -->
	<jee:jndi-lookup id="emf" jndi-name="java:jboss/GCRedirectEMF"  />

	<tx:annotation-driven />

	<!--<start id="bean_exception_translation_post_processor" /> -->
	<bean
		class="org.springframework.dao.annotation.PersistenceExceptionTranslationPostProcessor" />
	<!--<end id="bean_exception_translation_post_processor" /> -->


	<!--<start id="bean_persistenceAnnotationBeanPostProcessor"/> -->
	<bean
		class="org.springframework.orm.jpa.support.PersistenceAnnotationBeanPostProcessor" />
	<!--<end id="bean_persistenceAnnotationBeanPostProcessor"/> -->

	<bean id="transactionManager" class="org.springframework.orm.jpa.JpaTransactionManager">
		<property name="entityManagerFactory" ref="emf" />
	</bean>
	 
	<bean class="org.springframework.orm.hibernate4.HibernateExceptionTranslator"/>
   		 
</beans>