<beans xmlns="http://www.springframework.org/schema/beans"
	xmlns:xsi="http://www.w3.org/2001/XMLSchema-instance"
	xmlns:jee="http://www.springframework.org/schema/jee" 
	xmlns:context="http://www.springframework.org/schema/context"
	xmlns:jpa="http://www.springframework.org/schema/data/jpa"
	xmlns:security="http://www.springframework.org/schema/security"
	xsi:schemaLocation="http://www.springframework.org/schema/beans http://www.springframework.org/schema/beans/spring-beans-3.1.xsd
		http://www.springframework.org/schema/jee http://www.springframework.org/schema/jee/spring-jee-3.1.xsd
		http://www.springframework.org/schema/context http://www.springframework.org/schema/context/spring-context-3.1.xsd
		http://www.springframework.org/schema/data/jpa http://www.springframework.org/schema/data/jpa/spring-jpa-1.1.xsd		
		http://www.springframework.org/schema/security http://www.springframework.org/schema/security/spring-security-3.1.xsd">
	
	<description>Arquivo de configuração comum à toda aplicação</description>

    <!-- Ativa as anotações -->
	<context:annotation-config/>

	<!-- Em produção o JBoss AS é responsável pelo DataSource -->
	<!-- Pode ser configura assim  -->
	<!-- <bean id="dataSource" class="org.springframework.jndi.JndiObjectFactoryBean"> -->
	<!-- 	<property name="jndiName" value="java:jboss/datasources/GCRedirectDS" /> -->
	<!-- </bean> -->
	<!-- Ou assim: -->
	<jee:jndi-lookup id="dataSource" jndi-name="java:jboss/datasources/GCRedirectDS"></jee:jndi-lookup>
	
	<context:component-scan base-package="br.com.globosat.gcredirect"/>
	
</beans>