<beans xmlns="http://www.springframework.org/schema/beans"
	xmlns:xsi="http://www.w3.org/2001/XMLSchema-instance" xmlns:security="http://www.springframework.org/schema/security"
	xsi:schemaLocation="http://www.springframework.org/schema/beans http://www.springframework.org/schema/beans/spring-beans-3.1.xsd
		http://www.springframework.org/schema/security http://www.springframework.org/schema/security/spring-security-3.1.xsd">

	<!-- Não funciona com org.springframework.security.web.access.intercept.FilterSecurityInterceptor -->
	<!-- Já resolvido em pré release 3.1.1 -->
	<security:debug />

	<security:http pattern="/gcredirect.jsp" security="none" />

	<!-- Para poder remover <security:form-login/> completamente, -->
	<!-- é necessário acrescentar um entry-point-ref -->
	<security:http use-expressions="true" auto-config="false"
		entry-point-ref="loginUrlAuthenticationEntryPoint">

		<security:intercept-url pattern="/login/**"
			access="permitAll" />
		<security:intercept-url pattern="/resources/**"
			access="permitAll" />
		<security:intercept-url pattern="/principal/**"
			access="isAuthenticated()" />
		<security:intercept-url pattern="/administrador/**"
			access="hasRole('ROLE_ADMIN')" />
		<security:intercept-url pattern="/redirecionamento/**"
			access="hasRole('ROLE_EDITOR')" />

		<!-- <security:intercept-url pattern="/**" access="denyAll" /> -->

		<!-- before="FORM_LOGIN_FILTER" -->
		<security:custom-filter ref="authenticationProcessingFilter"
			position="FORM_LOGIN_FILTER" />

		<!-- 
		<security:form-login login-page="/login"
			default-target-url="/account" />
		-->
		 
		<security:logout invalidate-session="true"
			logout-success-url="/" logout-url="/j_gcredirect_logout" />

	</security:http>

	<bean id="loginUrlAuthenticationEntryPoint"
		class="org.springframework.security.web.authentication.LoginUrlAuthenticationEntryPoint">
		<constructor-arg>
			<value>/login</value>
		</constructor-arg>
	</bean>

	<!-- AuthenticationProcessingFilter -->
	<bean id="authenticationProcessingFilter"
		class="br.com.globosat.gcredirect.security.GCRedirectAuthenticationProcessingFilter">
		<property name="authenticationManager" ref="authenticationManager" />
		<property name="siglaCanalParameter" value="j_gcredirect_sigla_canal" />
		<property name="usernameParameter" value="j_gcredirect_usuario" />
		<property name="passwordParameter" value="j_gcredirect_senha" />
		<property name="filterProcessesUrl" value="/j_gcredirect_security_check" />
		<property name="authenticationFailureHandler" ref="authenticationFailureHandler" />
		<property name="authenticationSuccessHandler" ref="authenticationSuccessHandler" />
	</bean>

	<bean id="authenticationFailureHandler"
		class="org.springframework.security.web.authentication.SimpleUrlAuthenticationFailureHandler">
		<property name="defaultFailureUrl" value="/login?error=invalido" />
	</bean>

	<bean id="authenticationSuccessHandler"
		class="org.springframework.security.web.authentication.SimpleUrlAuthenticationSuccessHandler">
		<property name="defaultTargetUrl" value="/principal" />
	</bean>

	<security:authentication-manager alias="authenticationManager">
		<security:authentication-provider
			user-service-ref="userDetailsService">
			<security:password-encoder ref="passwordEncoder" />
		</security:authentication-provider>
	</security:authentication-manager>

	<!-- O Data Source está definido no arquivo gcredirect-context-base.xml -->
	<bean id="userDetailsService"
		class="br.com.globosat.gcredirect.security.GCRedirectUserDetailsService">
		<property name="dataSource" ref="dataSource" />
	</bean>

	<!-- Não salvamos senhas em texto claro :-) -->
	<bean id="passwordEncoder"
		class="org.springframework.security.authentication.encoding.Md5PasswordEncoder">
	</bean>

</beans>